Site Name,Location,Cultural Importance,Type,Conservation Status,Sensitive Periods,Max Visitor Capacity,UNESCO Status,Local Significance Tags,District,Conservation Alert Level,Sustainability Flag,Redirect Recommendation,Overcrowding Risk,Recommended Time,Weather_Condition,AQI_Level,Target_Audience
Jaya Sri Maha Bodhi,"Anuradhapura District, North Central Province",High,Religious,Well-maintained,"Vesak, Poson, Esala",10000,No,"Temple, Ritual, Pilgrimage",Anuradhapura,Low,No,No,Low,Avoid Peak Holidays,Sunny,Moderate,Pilgrims & Culture Seekers
Polonnaruwa Ancient City,"Polonnaruwa District, North Central Province",High,Historical,Well-maintained,"Poson, Vesak",8000,Yes,"Ruins, Monastery, Palace, Temple",Polonnaruwa,High,Yes,Yes,High,Avoid Peak Holidays,Sunny,Poor,Pilgrims & Culture Seekers
Buduruwagala,"Monaragala District, Uva Province",High,Religious,Well-maintained,Poson,2000,No,"Rock Carving, Temple, Mahayana",Monaragala,Moderate,No,Yes,Medium,"Jan–Mar, 6–8 AM",Cloudy,Moderate,Pilgrims & Culture Seekers
Agrabodhi Raja Maha Vihara,"Matara District, Southern Province",Medium,Historical,Well-maintained,None,Not Specified,No,Not Specified,Matara,Low,Yes,Yes,Low,Anytime,Clear,Moderate,History & Heritage Enthusiasts
Devinuwara Raja Maha Vihara,"Matara District, Southern Province",Medium,Historical,Well-maintained,None,Not Specified,No,Not Specified,Matara,Low,No,Yes,High,Anytime,Clear,Moderate,History & Heritage Enthusiasts
Shrine of Our Lady of Matara,"Matara District, Southern Province",Medium,Historical,Well-maintained,None,Not Specified,No,Not Specified,Matara,Moderate,No,Yes,High,Avoid Peak Holidays,Clear,Moderate,History & Heritage Enthusiasts
Dutch Reformed Church (Matara Fort),"Matara District, Southern Province",Medium,Historical,Well-maintained,None,Not Specified,No,Not Specified,Matara,Low,Yes,Yes,Low,Weekdays only,Sunny,Good,History & Heritage Enthusiasts
Sithulpawwa Rajamaha Viharaya,Hambantota,High,Religious,Well-maintained,Esala,500,No,"Temple, Cave, Ritual",Hambantota,High,No,Yes,Medium,Weekdays only,Sunny,Good,Pilgrims & Culture Seekers
Mulkirigala Raja Maha Vihara,Hambantota,High,Religious,Well-maintained,Esala,400,No,"Temple, Cave, Shrine",Hambantota,Low,No,No,Medium,"May–July, Weekdays",Light Rain,Good,Pilgrims & Culture Seekers
Yatala Vehera,Hambantota,High,Religious,Well-maintained,Poson,300,No,"Stupa, Ritual",Hambantota,High,No,Yes,Medium,"May–July, Weekdays",Sunny,Good,Pilgrims & Culture Seekers
Naigala Raja Maha Vihara,Hambantota,Medium,Religious,Well-maintained,Esala,250,No,"Temple, Ruins",Hambantota,High,No,Yes,Medium,Weekdays only,Sunny,Good,Pilgrims & Culture Seekers
Athubodaya Purana Vihara,Hambantota,Medium,Religious,Well-maintained,None,150,No,Image House,Hambantota,Low,Yes,Yes,Medium,Weekdays only,Sunny,Moderate,Pilgrims & Culture Seekers
Attanayala Sri Vihara,Hambantota,Low,Religious,Well-maintained,None,100,No,"Temple, Dagoba",Hambantota,Moderate,Yes,Yes,High,Weekdays only,Clear,Poor,Pilgrims & Culture Seekers
Badagiriya Raja Maha Vihara,Hambantota,Medium,Religious,At-risk,None,120,No,Dagoba,Hambantota,High,Yes,Yes,Low,Avoid Peak Holidays,Clear,Good,Pilgrims & Culture Seekers
Beragama Punyawardhanarama Vihara,Hambantota,Medium,Religious,Well-maintained,None,200,No,Temple,Hambantota,Low,No,No,Medium,Anytime,Sunny,Moderate,Pilgrims & Culture Seekers
Debarawewa Menik Raja Maha Vihara & Debarawewa Pashchimarama Vihara,Hambantota,Medium,Religious,At-risk,None,250,No,"Ruins, Dagoba",Hambantota,High,No,Yes,Medium,Avoid Peak Holidays,Clear,Moderate,Pilgrims & Culture Seekers
Galkote Raja Maha Vihara,Hambantota,Medium,Religious,Well-maintained,None,180,No,"Temple, Image House",Hambantota,High,No,Yes,Low,"Jan–Mar, 6–8 AM",Light Rain,Good,Pilgrims & Culture Seekers
Hellala Dakshina Purana Vihara,Hambantota,Low,Religious,Well-maintained,None,100,No,"Dagoba, Wall",Hambantota,High,Yes,Yes,Medium,"May–July, Weekdays",Clear,Good,Pilgrims & Culture Seekers
Kahadagala Sri Dhammadhinna Vihara,Hambantota,Medium,Religious,At-risk,None,150,No,"Dagoba, Inscriptions",Hambantota,High,No,Yes,Low,"Jan–Mar, 6–8 AM",Light Rain,Good,Pilgrims & Culture Seekers
Karabagala Aranya Senasana,Hambantota,High,Religious,At-risk,None,80,No,"Cave, Temple",Hambantota,Moderate,No,Yes,High,Weekdays only,Cloudy,Moderate,Pilgrims & Culture Seekers
Karuwalagala Purana Vihara,Hambantota,Low,Religious,At-risk,None,70,No,"Cave, Dagoba",Hambantota,High,No,Yes,Medium,Avoid Peak Holidays,Sunny,Good,Pilgrims & Culture Seekers
Kasagala Raja Maha Vihara / Kasagala Vihara,Hambantota,High,Religious,Well-maintained,Esala,300,No,"Temple, Residence",Hambantota,High,No,Yes,High,Anytime,Clear,Moderate,Pilgrims & Culture Seekers
Ramba Raja Maha Vihara,Hambantota,High,Religious,Well-maintained,None,280,No,Stupa,Hambantota,Moderate,No,No,Medium,"May–July, Weekdays",Light Rain,Good,Pilgrims & Culture Seekers
Rankothmaluwa Vihara,Hambantota,Low,Religious,Well-maintained,None,100,No,Temple,Hambantota,Low,No,Yes,High,"May–July, Weekdays",Cloudy,Moderate,Pilgrims & Culture Seekers
Rekawa Jaya Maha Vihara,Hambantota,Low,Religious,Well-maintained,None,90,No,Dagoba,Hambantota,Low,No,No,Low,Anytime,Cloudy,Good,Pilgrims & Culture Seekers
Sri Bodhimalu Purana Raja Maha Vihara,Hambantota,Medium,Religious,Well-maintained,None,150,No,Image House,Hambantota,High,Yes,Yes,High,Avoid Peak Holidays,Clear,Poor,Pilgrims & Culture Seekers
Sri Sudarshanarama Vihara (Henakaduwa),Hambantota,Low,Religious,Well-maintained,None,100,No,Dagoba,Hambantota,Low,No,No,Low,Avoid Peak Holidays,Clear,Good,Pilgrims & Culture Seekers
Sri Sunandarama Vihara (Beliatta),Hambantota,Medium,Religious,Well-maintained,None,150,No,"Temple, Dhamma Hall",Hambantota,High,Yes,Yes,Medium,"May–July, Weekdays",Cloudy,Good,Pilgrims & Culture Seekers
Sooriyapokuna Raja Maha Vihara,Hambantota,Low,Religious,At-risk,None,70,No,Pillars,Hambantota,High,Yes,Yes,Medium,"May–July, Weekdays",Sunny,Good,Pilgrims & Culture Seekers
Awasakanda Archaeological Ruins,Hambantota,Low,Historical,At-risk,None,50,No,Ruins,Hambantota,High,Yes,Yes,Low,Anytime,Sunny,Good,History & Heritage Enthusiasts
Kolaberiya Elagawa Watta Archaeological Ruins,Hambantota,Low,Historical,At-risk,None,50,No,Stone Pillars,Hambantota,Low,Yes,Yes,High,Avoid Peak Holidays,Light Rain,Moderate,History & Heritage Enthusiasts
Nedigamwila Archaeological Ruins,Hambantota,Low,Historical,At-risk,None,50,No,"Stupa, Structures",Hambantota,High,No,Yes,Low,Anytime,Sunny,Moderate,History & Heritage Enthusiasts
Thihava Archaeological Ruins,Hambantota,Low,Historical,At-risk,None,60,No,Stupa,Hambantota,High,Yes,Yes,High,Anytime,Cloudy,Moderate,History & Heritage Enthusiasts
Udarota-Pallerota Archaeological Ruins,Hambantota,Low,Historical,At-risk,None,60,No,Structures,Hambantota,Low,No,No,Low,Anytime,Cloudy,Good,History & Heritage Enthusiasts
Veheragala Archaeological Site,Hambantota,Medium,Historical,At-risk,None,70,No,"Stupa, Inscriptions",Hambantota,Low,Yes,Yes,High,Anytime,Cloudy,Poor,History & Heritage Enthusiasts
Weharakotuwa Archaeological Ruins,Hambantota,Low,Historical,At-risk,None,60,No,"Dagoba, Wall",Hambantota,Low,Yes,Yes,High,"May–July, Weekdays",Sunny,Poor,History & Heritage Enthusiasts
Hambantota Lighthouse,Hambantota,Medium,Historical,Well-maintained,None,150,No,Lighthouse,Hambantota,Moderate,Yes,Yes,Low,Anytime,Light Rain,Good,History & Heritage Enthusiasts
Martello Tower (Hambantota),Hambantota,High,Historical,Well-maintained,None,200,No,Fortification,Hambantota,High,Yes,Yes,Medium,Weekdays only,Sunny,Good,History & Heritage Enthusiasts
Hambantota Gallows & Prison Wall,Hambantota,Medium,Historical,Well-maintained,None,150,No,"Prison, Wall",Hambantota,Low,No,Yes,High,"May–July, Weekdays",Light Rain,Poor,History & Heritage Enthusiasts
Katuwana Fort & Katuwana Sri Vihara,Hambantota,High,Historical,Well-maintained,None,200,No,"Fort, Temple",Hambantota,High,Yes,Yes,High,Weekdays only,Sunny,Poor,Pilgrims & Culture Seekers
Galle Fort Area,Galle,High,Historical,Well-maintained,Esala,5000,Yes,"Fort, Colonial, Religious, Ritual",Galle,High,No,Yes,Low,"May–July, Weekdays",Cloudy,Moderate,History & Heritage Enthusiasts
Galle Fort Walls & Bastions,Galle,High,Historical,Well-maintained,Esala,3000,Yes,"Fort, Ramparts",Galle,Low,Yes,Yes,Medium,"May–July, Weekdays",Cloudy,Moderate,History & Heritage Enthusiasts
Galle Lighthouse,Galle,High,Historical,Well-maintained,None,500,No,"Lighthouse, Colonial",Galle,Moderate,No,No,Low,"May–July, Weekdays",Clear,Good,History & Heritage Enthusiasts
Dutch Reformed Church (Groote Kerk),Galle,High,Religious,Well-maintained,"Christmas, Easter",400,No,"Church, Colonial",Galle,High,No,Yes,Low,Weekdays only,Sunny,Good,Pilgrims & Culture Seekers
Galle Fort Clock Tower,Galle,Medium,Historical,Well-maintained,None,300,No,"Clock Tower, Landmark",Galle,Moderate,No,No,Medium,Avoid Peak Holidays,Sunny,Good,History & Heritage Enthusiasts
Old Dutch Hospital,Galle,Medium,Historical,Well-maintained,None,1000,No,"Colonial, Hospital",Galle,Low,No,Yes,Low,"May–July, Weekdays",Clear,Good,History & Heritage Enthusiasts
National Maritime Museum,Galle,Medium,Historical,Well-maintained,None,300,No,"Museum, Maritime",Galle,High,No,Yes,Low,"Jan–Mar, 6–8 AM",Cloudy,Good,History & Heritage Enthusiasts
Galle National Museum,Galle,Medium,Historical,Well-maintained,None,300,No,"Museum, Colonial",Galle,Low,No,Yes,High,Anytime,Sunny,Poor,History & Heritage Enthusiasts
Meeran Jumma Mosque,Galle,Medium,Religious,Well-maintained,Ramadan,400,No,Mosque,Galle,Low,Yes,Yes,Medium,"May–July, Weekdays",Clear,Good,Pilgrims & Culture Seekers
Sudharmalaya Temple,Galle,Medium,Religious,Well-maintained,Esala,300,No,Temple,Galle,Low,No,No,Low,"May–July, Weekdays",Sunny,Good,Pilgrims & Culture Seekers
Galwadugoda Purana Vihara,Galle,Medium,Religious,Well-maintained,Vesak,300,No,Temple,Galle,Low,No,No,Low,Avoid Peak Holidays,Light Rain,Moderate,Pilgrims & Culture Seekers
Ganegoda Raja Maha Vihara,Galle,Medium,Religious,Well-maintained,Poson,300,No,Temple,Galle,Moderate,Yes,Yes,High,Weekdays only,Cloudy,Poor,Pilgrims & Culture Seekers
Ganegodella Purana Vihara,Galle,Medium,Religious,At-risk,Vesak,200,No,Temple,Galle,Low,Yes,Yes,High,"May–July, Weekdays",Light Rain,Poor,Pilgrims & Culture Seekers
Ihalagoda Siri Vijeyarama Vihara,Galle,Medium,Religious,Well-maintained,Esala,200,No,Temple,Galle,Low,Yes,Yes,High,Avoid Peak Holidays,Cloudy,Poor,Pilgrims & Culture Seekers
Jananandanarama Vihara,Galle,Medium,Religious,Well-maintained,Vesak,200,No,Temple,Galle,High,No,Yes,High,"Jan–Mar, 6–8 AM",Clear,Poor,Pilgrims & Culture Seekers
Jayasingharama Purana Vihara,Galle,Medium,Religious,Well-maintained,Vesak,200,No,Temple,Galle,Low,No,No,Low,Weekdays only,Cloudy,Moderate,Pilgrims & Culture Seekers
Kshetrarama Purana Vihara,Galle,Medium,Religious,Well-maintained,Poson,200,No,Temple,Galle,Low,Yes,Yes,High,Avoid Peak Holidays,Cloudy,Moderate,Pilgrims & Culture Seekers
Kumarakanda Purana Vihara,Galle,Medium,Religious,Well-maintained,Esala,200,No,Temple,Galle,High,Yes,Yes,Low,Anytime,Clear,Good,Pilgrims & Culture Seekers
Mabotunna Vihara,Galle,Medium,Religious,At-risk,Vesak,150,No,Temple,Galle,Moderate,No,No,Low,Anytime,Cloudy,Moderate,Pilgrims & Culture Seekers
Mahagoda Tapodhanarama Vihara,Galle,Medium,Religious,Well-maintained,Poson,200,No,Temple,Galle,Moderate,Yes,Yes,Low,Anytime,Sunny,Good,Pilgrims & Culture Seekers
Medakeembiya Sri Kshetrarama Vihara,Galle,Medium,Religious,Well-maintained,Vesak,250,No,Temple,Galle,Moderate,Yes,Yes,High,"May–July, Weekdays",Clear,Poor,Pilgrims & Culture Seekers
Panangala Gangarama Vihara,Galle,Medium,Religious,Well-maintained,Esala,200,No,Temple,Galle,High,No,Yes,High,"Jan–Mar, 6–8 AM",Clear,Moderate,Pilgrims & Culture Seekers
Randhombe Sangaraja Vihara,Galle,Medium,Religious,At-risk,Vesak,200,No,Temple,Galle,Low,Yes,Yes,Medium,Weekdays only,Clear,Moderate,Pilgrims & Culture Seekers
Sunandarama Maha Vihara,Galle,Medium,Religious,Well-maintained,Vesak,300,No,Temple,Galle,High,No,Yes,Medium,Weekdays only,Light Rain,Good,Pilgrims & Culture Seekers
Sunandarama Purana Vihara,Galle,Medium,Religious,Well-maintained,Vesak,200,No,Temple,Galle,Low,Yes,Yes,High,Avoid Peak Holidays,Light Rain,Moderate,Pilgrims & Culture Seekers
Sri Sumanarama Vihara,Galle,Medium,Religious,At-risk,Poson,150,No,Temple,Galle,Low,No,No,Medium,Anytime,Cloudy,Moderate,Pilgrims & Culture Seekers
Alagoda Walawwa,Galle,Medium,Historical,Well-maintained,None,100,No,"Walawwa, Colonial",Galle,Moderate,Yes,Yes,High,"May–July, Weekdays",Clear,Moderate,History & Heritage Enthusiasts
Galle Prison & Ramparts,Galle,Medium,Historical,At-risk,None,150,No,"Prison, Ramparts",Galle,Low,Yes,Yes,Low,"May–July, Weekdays",Cloudy,Good,History & Heritage Enthusiasts
Meepe Ambalama,Galle,Low,Historical,Well-maintained,None,50,No,Ambalama,Galle,High,No,Yes,Medium,Avoid Peak Holidays,Sunny,Good,History & Heritage Enthusiasts
Tankiyawaththa Stone Pond,Galle,Low,Historical,Well-maintained,None,30,No,Pond,Galle,Moderate,No,No,Low,Avoid Peak Holidays,Clear,Good,History & Heritage Enthusiasts
"Assessment No. 106, Kaluwella",Galle,Low,Historical,Well-maintained,None,20,No,Colonial Building,Galle,High,Yes,Yes,Low,Weekdays only,Sunny,Moderate,History & Heritage Enthusiasts
Udugalpitiya Devol Devalaya,Galle,Low,Religious,At-risk,Esala,100,No,Devalaya,Galle,Low,No,Yes,High,Anytime,Cloudy,Poor,Pilgrims & Culture Seekers
St. Mary's Cathedral,Galle,Medium,Religious,Well-maintained,"Christmas, Easter",400,No,Cathedral,Galle,High,No,Yes,Low,"Jan–Mar, 6–8 AM",Light Rain,Moderate,Pilgrims & Culture Seekers
Colonial Urban Fabric of Galle,Galle,High,Historical,Well-maintained,None,3000,Yes,"Colonial Streets, Urban Heritage",Galle,Low,Yes,Yes,Medium,Weekdays only,Cloudy,Good,History & Heritage Enthusiasts
Daladawaththa Purana Vihara,Kalutara District,Medium,Religious,Well-maintained,"Vesak, Poson",100-500,No,"Temple, Mosque, Church, Heritage, Garden",Kalutara,Moderate,Yes,Yes,High,"May–July, Weekdays",Sunny,Moderate,Pilgrims & Culture Seekers
Devamittarama Purana Vihara,Kalutara District,Medium,Religious,Well-maintained,"Vesak, Poson",100-500,No,"Temple, Mosque, Church, Heritage, Garden",Kalutara,Moderate,No,No,Low,"Jan–Mar, 6–8 AM",Clear,Moderate,Pilgrims & Culture Seekers
Dhammikarama Purana Vihara,Kalutara District,Medium,Religious,Well-maintained,"Vesak, Poson",100-500,No,"Temple, Mosque, Church, Heritage, Garden",Kalutara,Moderate,Yes,Yes,Low,Weekdays only,Cloudy,Good,Pilgrims & Culture Seekers
Gallen Raja Maha Vihara,Kalutara District,Medium,Religious,Well-maintained,"Vesak, Poson",100-500,No,"Temple, Mosque, Church, Heritage, Garden",Kalutara,Moderate,No,No,Medium,Anytime,Clear,Moderate,Pilgrims & Culture Seekers
Ganegodella Purana Raja Maha Vihara,Kalutara District,Medium,Religious,Well-maintained,"Vesak, Poson",100-500,No,"Temple, Mosque, Church, Heritage, Garden",Kalutara,Low,Yes,Yes,Low,"May–July, Weekdays",Light Rain,Good,Pilgrims & Culture Seekers
Ganewatta Purana Vihara,Kalutara District,Medium,Religious,Well-maintained,"Vesak, Poson",100-500,No,"Temple, Mosque, Church, Heritage, Garden",Kalutara,Moderate,No,Yes,High,Avoid Peak Holidays,Light Rain,Poor,Pilgrims & Culture Seekers
Horana Raja Maha Vihara,Kalutara District,Medium,Religious,Well-maintained,"Vesak, Poson",100-500,No,"Temple, Mosque, Church, Heritage, Garden",Kalutara,High,No,Yes,Medium,"Jan–Mar, 6–8 AM",Light Rain,Good,Pilgrims & Culture Seekers
Keselhenawa Purana Vihara,Kalutara District,Medium,Religious,Well-maintained,"Vesak, Poson",100-500,No,"Temple, Mosque, Church, Heritage, Garden",Kalutara,Moderate,Yes,Yes,Medium,"May–July, Weekdays",Clear,Good,Pilgrims & Culture Seekers
Pokunuwita Raja Maha Vihara,Kalutara District,Medium,Religious,Well-maintained,"Vesak, Poson",100-500,No,"Temple, Mosque, Church, Heritage, Garden",Kalutara,Moderate,Yes,Yes,High,Anytime,Cloudy,Poor,Pilgrims & Culture Seekers
Purana Kande Vihara,Kalutara District,Medium,Religious,Well-maintained,"Vesak, Poson",100-500,No,"Temple, Mosque, Church, Heritage, Garden",Kalutara,Low,Yes,Yes,Medium,Anytime,Clear,Moderate,Pilgrims & Culture Seekers
Prathiraja Piriven Vihara,Kalutara District,Medium,Religious,Well-maintained,"Vesak, Poson",100-500,No,"Temple, Mosque, Church, Heritage, Garden",Kalutara,Moderate,No,Yes,High,Weekdays only,Clear,Moderate,Pilgrims & Culture Seekers
Pulinatalarama Vihara,Kalutara District,Medium,Religious,Well-maintained,"Vesak, Poson",100-500,No,"Temple, Mosque, Church, Heritage, Garden",Kalutara,Moderate,No,No,Low,"May–July, Weekdays",Cloudy,Good,Pilgrims & Culture Seekers
Rambukkana Raja Maha Vihara,Kalutara District,Medium,Religious,Well-maintained,"Vesak, Poson",100-500,No,"Temple, Mosque, Church, Heritage, Garden",Kalutara,Low,No,No,Low,"May–July, Weekdays",Light Rain,Good,Pilgrims & Culture Seekers
Sapugoda Sri Maha Vihara,Kalutara District,Medium,Religious,Well-maintained,"Vesak, Poson",100-500,No,"Temple, Mosque, Church, Heritage, Garden",Kalutara,Moderate,No,Yes,High,Weekdays only,Light Rain,Poor,Pilgrims & Culture Seekers
Sri Damma Rakkhitharama Purana Vihara,Kalutara District,Medium,Religious,Well-maintained,"Vesak, Poson",100-500,No,"Temple, Mosque, Church, Heritage, Garden",Kalutara,Moderate,Yes,Yes,Medium,Avoid Peak Holidays,Cloudy,Moderate,Pilgrims & Culture Seekers
Sri Dharmaguptha Pirivena,Kalutara District,Medium,Religious,Well-maintained,"Vesak, Poson",100-500,No,"Temple, Mosque, Church, Heritage, Garden",Kalutara,Low,Yes,Yes,Low,"Jan–Mar, 6–8 AM",Clear,Moderate,Pilgrims & Culture Seekers
Subuthi Vihara,Kalutara District,Medium,Religious,Well-maintained,"Vesak, Poson",100-500,No,"Temple, Mosque, Church, Heritage, Garden",Kalutara,Moderate,No,No,Low,"May–July, Weekdays",Clear,Good,Pilgrims & Culture Seekers
Sumanarama Maha Vihara,Kalutara District,Medium,Religious,Well-maintained,"Vesak, Poson",100-500,No,"Temple, Mosque, Church, Heritage, Garden",Kalutara,Low,Yes,Yes,Medium,Avoid Peak Holidays,Light Rain,Moderate,Pilgrims & Culture Seekers
Sunandarama Vihara,Kalutara District,Medium,Religious,Well-maintained,"Vesak, Poson",100-500,No,"Temple, Mosque, Church, Heritage, Garden",Kalutara,Low,Yes,Yes,High,"May–July, Weekdays",Sunny,Poor,Pilgrims & Culture Seekers
Uggalboda Vihara,Kalutara District,Medium,Religious,Well-maintained,"Vesak, Poson",100-500,No,"Temple, Mosque, Church, Heritage, Garden",Kalutara,Moderate,Yes,Yes,Low,Weekdays only,Sunny,Good,Pilgrims & Culture Seekers
Veherakanda Purana Vihara,Kalutara District,Medium,Religious,Well-maintained,"Vesak, Poson",100-500,No,"Temple, Mosque, Church, Heritage, Garden",Kalutara,Low,Yes,Yes,Low,"May–July, Weekdays",Sunny,Moderate,Pilgrims & Culture Seekers
Beruwala Lighthouse,Kalutara District,Medium,Religious,Well-maintained,"Vesak, Poson",100-500,No,"Temple, Mosque, Church, Heritage, Garden",Kalutara,Low,No,Yes,High,Anytime,Clear,Moderate,Pilgrims & Culture Seekers
Gangatilake Devalaya,Kalutara District,Medium,Religious,Well-maintained,"Vesak, Poson",100-500,No,"Temple, Mosque, Church, Heritage, Garden",Kalutara,Moderate,Yes,Yes,Low,Avoid Peak Holidays,Clear,Good,Pilgrims & Culture Seekers
Ketchchimalai Mosque,Kalutara District,Medium,Religious,Well-maintained,"Vesak, Poson",100-500,No,"Temple, Mosque, Church, Heritage, Garden",Kalutara,Low,Yes,Yes,Low,Avoid Peak Holidays,Light Rain,Good,Pilgrims & Culture Seekers
Pathaha Watta Ruins,Kalutara District,Medium,Religious,Well-maintained,"Vesak, Poson",100-500,No,"Temple, Mosque, Church, Heritage, Garden",Kalutara,Moderate,No,Yes,High,Anytime,Sunny,Moderate,Pilgrims & Culture Seekers
Payagala Police Station (historic building),Kalutara District,Medium,Religious,Well-maintained,"Vesak, Poson",100-500,No,"Temple, Mosque, Church, Heritage, Garden",Kalutara,Moderate,No,No,Medium,Avoid Peak Holidays,Light Rain,Good,Pilgrims & Culture Seekers
Official residence of a High Court Judge,Kalutara District,Medium,Religious,Well-maintained,"Vesak, Poson",100-500,No,"Temple, Mosque, Church, Heritage, Garden",Kalutara,Low,No,No,Medium,Weekdays only,Light Rain,Moderate,Pilgrims & Culture Seekers
Kalutara Bodhiya & Kalutara Chaitya (Stupa),Kalutara District,Medium,Religious,Well-maintained,"Vesak, Poson",100-500,No,"Temple, Mosque, Church, Heritage, Garden",Kalutara,High,Yes,Yes,High,Weekdays only,Light Rain,Poor,Pilgrims & Culture Seekers
Asokaramaya Buddhist Temple,Kalutara District,Medium,Religious,Well-maintained,"Vesak, Poson",100-500,No,"Temple, Mosque, Church, Heritage, Garden",Kalutara,Low,Yes,Yes,High,Anytime,Cloudy,Poor,Pilgrims & Culture Seekers
"Holy Cross Church, Kalutara",Kalutara District,Medium,Religious,Well-maintained,"Vesak, Poson",100-500,No,"Temple, Mosque, Church, Heritage, Garden",Kalutara,Low,Yes,Yes,Low,"May–July, Weekdays",Sunny,Good,Pilgrims & Culture Seekers
St. Mary’s Church (Kalamulla),Kalutara District,Medium,Religious,Well-maintained,"Vesak, Poson",100-500,No,"Temple, Mosque, Church, Heritage, Garden",Kalutara,High,No,Yes,Medium,"Jan–Mar, 6–8 AM",Sunny,Good,Pilgrims & Culture Seekers
"Richmond Castle, Kalutara",Kalutara District,Medium,Religious,Well-maintained,"Vesak, Poson",100-500,No,"Temple, Mosque, Church, Heritage, Garden",Kalutara,Moderate,Yes,Yes,Low,Anytime,Cloudy,Moderate,Pilgrims & Culture Seekers
Brief Garden by Bevis Bawa,Kalutara District,Medium,Religious,Well-maintained,"Vesak, Poson",100-500,No,"Temple, Mosque, Church, Heritage, Garden",Kalutara,Low,Yes,Yes,Medium,Anytime,Cloudy,Good,Pilgrims & Culture Seekers
Asgiriya Raja Maha Vihara,Gampaha,High,Religious,Well-maintained,Esala,300,No,"Temple, Cave",Gampaha,Low,Yes,Yes,Low,Avoid Peak Holidays,Sunny,Moderate,Pilgrims & Culture Seekers
Pilikuththuwa Raja Maha Vihara,Gampaha,High,Religious,Well-maintained,Poson,400,No,"Temple, Cave, Ruins",Gampaha,Low,Yes,Yes,Low,Weekdays only,Cloudy,Good,Pilgrims & Culture Seekers
Maligatenna Raja Maha Vihara,Gampaha,High,Religious,Well-maintained,Vesak,250,No,"Temple, Cave",Gampaha,High,No,Yes,Low,Weekdays only,Light Rain,Moderate,Pilgrims & Culture Seekers
Warana Raja Maha Vihara,Gampaha,High,Religious,Well-maintained,Poson,350,No,Temple,Gampaha,High,No,Yes,High,Anytime,Clear,Moderate,Pilgrims & Culture Seekers
Uruwala Valagamba Raja Maha Vihara,Gampaha,Medium,Religious,Well-maintained,Vesak,200,No,Temple,Gampaha,Moderate,No,Yes,High,Avoid Peak Holidays,Light Rain,Moderate,Pilgrims & Culture Seekers
Koskandawala Raja Maha Vihara,Gampaha,Medium,Religious,Well-maintained,None,150,No,"Temple, Image House",Gampaha,Low,Yes,Yes,Low,"May–July, Weekdays",Sunny,Good,Pilgrims & Culture Seekers
Dhathukanda Sri Jinendarama Purana Raja Maha Vihara,Gampaha,Medium,Religious,At-risk,None,100,No,"Temple, Rock",Gampaha,High,No,Yes,High,Avoid Peak Holidays,Cloudy,Poor,Pilgrims & Culture Seekers
Sri Saddharmagupta Piriven Vihara (Udugampola),Gampaha,Medium,Religious,Under renovation,None,120,No,"Pirivena, Image House",Gampaha,Low,No,No,Medium,Avoid Peak Holidays,Clear,Good,Pilgrims & Culture Seekers
Malwana Fort,Gampaha,Medium,Historical,At-risk,None,100,No,Fort,Gampaha,High,No,Yes,Low,Avoid Peak Holidays,Sunny,Good,History & Heritage Enthusiasts
Negombo Fort (Gampaha area),Gampaha,Medium,Historical,At-risk,None,100,No,Fort,Gampaha,High,Yes,Yes,Medium,Avoid Peak Holidays,Cloudy,Moderate,History & Heritage Enthusiasts
Akarawita Raja Maha Vihara,Colombo,Medium,Religious,At-risk,Esala,150,No,"Temple, Cave",Colombo,High,No,Yes,High,Avoid Peak Holidays,Clear,Poor,Pilgrims & Culture Seekers
Balapokuna Raja Maha Vihara,Colombo,Medium,Religious,Well-maintained,Vesak,200,No,"Temple, Pond",Colombo,Moderate,No,Yes,High,"Jan–Mar, 6–8 AM",Clear,Moderate,Pilgrims & Culture Seekers
Thilakaratnarama Purana Vihara,Colombo,Low,Religious,Well-maintained,Poson,100,No,Temple,Colombo,Low,Yes,Yes,Medium,Weekdays only,Cloudy,Good,Pilgrims & Culture Seekers
Vipashyarama Vihara,Colombo,Low,Religious,Well-maintained,Vesak,100,No,"Temple, Image House",Colombo,Low,Yes,Yes,Medium,"Jan–Mar, 6–8 AM",Clear,Good,Pilgrims & Culture Seekers
Gotami Vihara,Colombo,Medium,Religious,Under renovation,Esala,120,No,"Temple, Sculptures",Colombo,Low,No,Yes,High,"Jan–Mar, 6–8 AM",Sunny,Moderate,Pilgrims & Culture Seekers
"Maha Bodhi Vihara, Maligakanda",Colombo,High,Religious,Well-maintained,Vesak,300,No,Temple,Colombo,Low,Yes,Yes,Low,Anytime,Cloudy,Good,Pilgrims & Culture Seekers
Nawagamuwa Raja Maha Vihara,Colombo,High,Religious,Well-maintained,Esala,250,No,"Temple, Devalaya",Colombo,Low,No,No,Medium,Avoid Peak Holidays,Light Rain,Good,Pilgrims & Culture Seekers
Pita Kotte Raja Maha Vihara & Pitakotte Gal Ambalama,Colombo,High,Religious,Well-maintained,Poson,200,No,"Temple, Ambalama",Colombo,High,Yes,Yes,Low,Weekdays only,Sunny,Good,Pilgrims & Culture Seekers
Colombo Dutch Museum,Colombo,High,Historical,Well-maintained,None,300,No,"Museum, Colonial",Colombo,Low,No,Yes,High,Weekdays only,Sunny,Moderate,History & Heritage Enthusiasts
Old Colombo Dutch Hospital,Colombo,High,Historical,Well-maintained,None,500,No,"Colonial, Hospital",Colombo,Low,Yes,Yes,Low,Anytime,Cloudy,Good,History & Heritage Enthusiasts
Athkanda Raja Maha Vihara,Kurunegala District,High,Religious,Well-maintained,None,Not Specified,No,"Temple, Ruins",Kurunegala,Moderate,No,No,Low,Avoid Peak Holidays,Cloudy,Good,Pilgrims & Culture Seekers
Ibbagala Raja Maha Vihara,Kurunegala District,High,Religious,Well-maintained,None,Not Specified,No,"Temple, Ruins",Kurunegala,Low,Yes,Yes,Medium,"Jan–Mar, 6–8 AM",Clear,Moderate,Pilgrims & Culture Seekers
Ginikarawa Raja Maha Vihara,Kurunegala District,High,Religious,Well-maintained,None,Not Specified,No,"Temple, Ruins",Kurunegala,Moderate,Yes,Yes,Medium,Avoid Peak Holidays,Sunny,Moderate,Pilgrims & Culture Seekers
Giriguharama Vihara (Rukmale),Kurunegala District,High,Religious,Well-maintained,None,Not Specified,No,"Temple, Ruins",Kurunegala,Low,No,Yes,High,"Jan–Mar, 6–8 AM",Clear,Moderate,Pilgrims & Culture Seekers
Gomadiyagala Vihara (Halmillewa),Kurunegala District,High,Religious,Well-maintained,None,Not Specified,No,"Temple, Ruins",Kurunegala,Moderate,Yes,Yes,Medium,Weekdays only,Sunny,Moderate,Pilgrims & Culture Seekers
Handungirigama Magampura Raja Maha Vihara,Kurunegala District,High,Religious,Well-maintained,None,Not Specified,No,"Temple, Ruins",Kurunegala,High,Yes,Yes,Low,"May–July, Weekdays",Sunny,Moderate,Pilgrims & Culture Seekers
Kasagala Purana Raja Maha Vihara,Kurunegala District,High,Religious,Well-maintained,None,Not Specified,No,"Temple, Ruins",Kurunegala,High,No,Yes,High,"May–July, Weekdays",Light Rain,Poor,Pilgrims & Culture Seekers
Nagolla Raja Maha Vihara,Kurunegala District,High,Religious,Well-maintained,None,Not Specified,No,"Temple, Ruins",Kurunegala,High,Yes,Yes,Medium,Anytime,Sunny,Good,Pilgrims & Culture Seekers
Padeniya Raja Maha Vihara,Kurunegala District,High,Religious,Well-maintained,None,Not Specified,No,"Temple, Ruins",Kurunegala,Moderate,No,No,Low,Avoid Peak Holidays,Clear,Good,Pilgrims & Culture Seekers
Sri Namalu Purana Vihara,Kurunegala District,High,Religious,Well-maintained,None,Not Specified,No,"Temple, Ruins",Kurunegala,High,Yes,Yes,Medium,"Jan–Mar, 6–8 AM",Clear,Good,Pilgrims & Culture Seekers
Sri Pothgul Vihara,Kurunegala District,High,Religious,Well-maintained,None,Not Specified,No,"Temple, Ruins",Kurunegala,Low,No,No,Low,Anytime,Light Rain,Good,Pilgrims & Culture Seekers
Yataththawela Bodhiwansarama Purana Vihara,Kurunegala District,High,Religious,Well-maintained,None,Not Specified,No,"Temple, Ruins",Kurunegala,Moderate,No,No,Low,Avoid Peak Holidays,Clear,Moderate,Pilgrims & Culture Seekers
"Bihalpola Purana Tempita Vihara, Kuliyapitiya",Kurunegala District,High,Religious,Well-maintained,None,Not Specified,No,"Temple, Ruins",Kurunegala,High,No,Yes,High,"Jan–Mar, 6–8 AM",Cloudy,Moderate,Pilgrims & Culture Seekers
Ganagamuwa Poorvarama Vihara,Kurunegala District,High,Religious,Well-maintained,None,Not Specified,No,"Temple, Ruins",Kurunegala,High,Yes,Yes,Low,Weekdays only,Light Rain,Good,Pilgrims & Culture Seekers
"Meddepola Raja Maha Vihara, Pannala",Kurunegala District,High,Religious,Well-maintained,None,Not Specified,No,"Temple, Ruins",Kurunegala,Moderate,Yes,Yes,High,Anytime,Clear,Poor,Pilgrims & Culture Seekers
"Nahalla Ambalama, Rideegama",Kurunegala District,High,Religious,Well-maintained,None,Not Specified,No,"Temple, Ruins",Kurunegala,Moderate,Yes,Yes,Low,Anytime,Clear,Good,Pilgrims & Culture Seekers
"Renagama Ambalama, Alawwa",Kurunegala District,High,Religious,Well-maintained,None,Not Specified,No,"Temple, Ruins",Kurunegala,Low,Yes,Yes,High,"Jan–Mar, 6–8 AM",Cloudy,Moderate,Pilgrims & Culture Seekers
Thimbiripokuna Palamgala,Kurunegala District,High,Religious,Well-maintained,None,Not Specified,No,"Temple, Ruins",Kurunegala,Low,Yes,Yes,Low,"May–July, Weekdays",Light Rain,Moderate,Pilgrims & Culture Seekers
Samara House (Nugawela),Kurunegala District,High,Religious,Well-maintained,None,Not Specified,No,"Temple, Ruins",Kurunegala,High,Yes,Yes,Medium,Avoid Peak Holidays,Cloudy,Moderate,Pilgrims & Culture Seekers
Yapahuwa Rock Fortress,Kurunegala District,High,Religious,Well-maintained,None,Not Specified,No,"Temple, Ruins",Kurunegala,Low,No,No,Low,Anytime,Light Rain,Good,Pilgrims & Culture Seekers
Panduwasnuwara Kingdom & Temple (Panduwasnuwara Raja Maha Vihara),Kurunegala District,High,Religious,Well-maintained,None,Not Specified,No,"Temple, Ruins",Kurunegala,Moderate,Yes,Yes,Medium,Weekdays only,Light Rain,Good,Pilgrims & Culture Seekers
Ridi Viharaya (Silver Temple),Kurunegala District,High,Religious,Well-maintained,None,Not Specified,No,"Temple, Ruins",Kurunegala,High,Yes,Yes,Low,Avoid Peak Holidays,Sunny,Moderate,Pilgrims & Culture Seekers
Maraluwawa Rajamaha Viharaya,Kurunegala District,High,Religious,Well-maintained,None,Not Specified,No,"Temple, Ruins",Kurunegala,Low,Yes,Yes,Medium,Weekdays only,Clear,Good,Pilgrims & Culture Seekers
Ethagala (Elephant Rock) Buddha Statue,Kurunegala District,High,Religious,Well-maintained,None,Not Specified,No,"Temple, Ruins",Kurunegala,Moderate,No,Yes,High,"Jan–Mar, 6–8 AM",Clear,Moderate,Pilgrims & Culture Seekers
Korossa Rajamaha Viharaya & Nathagane Cave Complex,Kurunegala District,High,Religious,Well-maintained,None,Not Specified,No,"Temple, Ruins",Kurunegala,Low,No,Yes,Low,"Jan–Mar, 6–8 AM",Sunny,Good,Pilgrims & Culture Seekers
Arankale Buddhist Monastery,Kurunegala District,High,Religious,Well-maintained,None,Not Specified,No,"Temple, Ruins",Kurunegala,Low,Yes,Yes,High,Avoid Peak Holidays,Cloudy,Moderate,Pilgrims & Culture Seekers
Paramakanda Raja Maha Vihara,"Puttalam District, Anamaduwa",High,Religious,Well-maintained,"Vesak, Poson",300,No,"Temple, Cave, Ruins",Puttalam,High,No,Yes,Low,Avoid Peak Holidays,Sunny,Good,Pilgrims & Culture Seekers
Mulgirigala Raja Maha Vihara,"Puttalam District, Mullegama",Medium,Religious,At-risk,Esala,150,No,"Temple, Cave, Inscriptions",Puttalam,Low,Yes,Yes,High,Avoid Peak Holidays,Clear,Poor,Pilgrims & Culture Seekers
Devramvehera Monastery,"Puttalam District, Kottawehera",Medium,Religious,At-risk,None,100,No,"Monastery, Ruins",Puttalam,High,No,Yes,Low,"Jan–Mar, 6–8 AM",Clear,Good,Pilgrims & Culture Seekers
Bodhi Rukkarama Vihara,"Puttalam District, Kottukachchiya",Low,Religious,Well-maintained,None,120,No,"Temple, Dagoba",Puttalam,High,No,Yes,High,Anytime,Sunny,Poor,Pilgrims & Culture Seekers
Kettharama Vihara,Puttalam District,Medium,Religious,At-risk,None,80,No,"Dagoba, Inscriptions",Puttalam,High,Yes,Yes,High,Avoid Peak Holidays,Sunny,Poor,Pilgrims & Culture Seekers
Kuddettiyawa Sri Sunandarama Vihara,"Puttalam District, Nattandiya",Medium,Religious,Well-maintained,Vesak,200,No,"Temple, Dharmasala",Puttalam,Moderate,Yes,Yes,Low,Avoid Peak Holidays,Sunny,Good,Pilgrims & Culture Seekers
Karuwalagaswewa Purana Vihara,"Puttalam District, Diwulwewa",Low,Religious,At-risk,None,50,No,"Caves, Temple",Puttalam,High,Yes,Yes,Low,"May–July, Weekdays",Clear,Moderate,Pilgrims & Culture Seekers
Kummadiyagala Vihara,Puttalam District,Low,Religious,At-risk,None,70,No,"Dagoba, Ruins",Puttalam,High,Yes,Yes,Low,"Jan–Mar, 6–8 AM",Sunny,Good,Pilgrims & Culture Seekers
Lihiniyagiri Vihara,"Puttalam District, Galkuliya",Low,Religious,At-risk,None,60,No,"Temple, Archaeological",Puttalam,Low,No,No,Medium,"May–July, Weekdays",Sunny,Good,Pilgrims & Culture Seekers
Egodagama Nethipokkuna Ruins,"Puttalam District, Egodagama",Low,Historical,At-risk,None,40,No,"Dagoba, Ruins",Puttalam,Moderate,No,No,Medium,Weekdays only,Cloudy,Good,History & Heritage Enthusiasts
Galandayaya Ruins,"Puttalam District, Koyiladigama",Low,Historical,At-risk,None,40,No,Ruins,Puttalam,High,No,Yes,Medium,Avoid Peak Holidays,Sunny,Good,History & Heritage Enthusiasts
Kalpitiya Fort,"Puttalam District, Kalpitiya",High,Historical,Well-maintained,None,500,No,Fort,Puttalam,Low,Yes,Yes,Low,"Jan–Mar, 6–8 AM",Clear,Moderate,History & Heritage Enthusiasts
"Dutch Reformed Church, Kalpitiya","Puttalam District, Kalpitiya",High,Religious,Well-maintained,"Christmas, Good Friday",250,No,"Church, Colonial",Puttalam,Moderate,Yes,Yes,Medium,Avoid Peak Holidays,Cloudy,Good,Pilgrims & Culture Seekers
Koraya Walawwa (“Sigiri House”),"Puttalam District, Chilaw",Medium,Historical,Well-maintained,None,100,No,"Walawwa, Mansion",Puttalam,Moderate,No,Yes,High,"Jan–Mar, 6–8 AM",Light Rain,Poor,History & Heritage Enthusiasts
Maligawatta Pond,Puttalam District,Low,Historical,At-risk,None,50,No,"Pond, Ruins",Puttalam,High,Yes,Yes,Low,Weekdays only,Clear,Moderate,History & Heritage Enthusiasts
Malwila Archaeology Reserve / Malwila Ruins,"Puttalam District, Saliya Pura",High,Historical,At-risk,None,200,No,"Ruins, Monastery",Puttalam,High,No,Yes,High,Anytime,Clear,Moderate,History & Heritage Enthusiasts
Thonigala Rock Inscriptions,"Puttalam District, Anamaduwa",High,Historical,Well-maintained,None,150,No,"Inscriptions, Rock",Puttalam,Moderate,No,No,Medium,"May–July, Weekdays",Light Rain,Good,History & Heritage Enthusiasts
Dambulla Cave Temple (Golden Temple of Dambulla),Matale District,High,Religious,Well-maintained,Esala,Not Specified,Yes,"Temple, Cave, Murals",Matale,Moderate,Yes,Yes,Medium,Anytime,Clear,Good,Pilgrims & Culture Seekers
Sigiriya Rock Fortress,Matale District,High,Historical,Well-maintained,None,Not Specified,Yes,"Fortress, Palace, Garden, Rock",Matale,Moderate,Yes,Yes,Medium,"May–July, Weekdays",Light Rain,Good,History & Heritage Enthusiasts
Aluvihare Rock Temple,Matale District,High,Religious,Well-maintained,None,Not Specified,No,"Temple, Cave, Inscriptions",Matale,High,No,Yes,High,"Jan–Mar, 6–8 AM",Light Rain,Poor,Pilgrims & Culture Seekers
Sri Muthumariamman Temple,Matale District,High,Religious,Well-maintained,Annual Chariot Festival,Not Specified,No,"Temple, Hindu, Dravidian Architecture",Matale,Low,No,No,Medium,"Jan–Mar, 6–8 AM",Clear,Good,Pilgrims & Culture Seekers
Nalanda Gedige,Matale District,High,Religious,Well-maintained,None,Not Specified,No,"Temple, Hybrid Architecture",Matale,Low,No,Yes,High,"Jan–Mar, 6–8 AM",Sunny,Poor,Pilgrims & Culture Seekers
Pidurangala Vihara,Matale District,Medium,Religious,At-risk,None,Not Specified,No,"Temple, Rock, Panoramic View",Matale,Moderate,No,No,Low,"May–July, Weekdays",Sunny,Good,Pilgrims & Culture Seekers
Ibbankatuwa Megalithic Tombs,Matale District,High,Historical,Under renovation,None,Not Specified,No,"Burial Site, Megalithic, Archaeology",Matale,Low,No,Yes,High,"Jan–Mar, 6–8 AM",Light Rain,Poor,History & Heritage Enthusiasts
Kaludiya Pokuna Archaeological Forest Site (Dambulla),Matale District,Medium,Historical,At-risk,None,Not Specified,No,"Pond, Forest, Ruins",Matale,Low,Yes,Yes,Low,Anytime,Cloudy,Moderate,Nature & Wildlife Explorers
Sigiriya Surrounding Ruins (including Pidurangala),Matale District,Medium,Historical,At-risk,None,Not Specified,No,"Ruins, Rock, Monastery",Matale,High,Yes,Yes,Low,Avoid Peak Holidays,Light Rain,Good,History & Heritage Enthusiasts
Temple of the Sacred Tooth Relic (Sri Dalada Maligawa),"Kandy, Central Province",High,Religious,Well-maintained,"Esala, Navam",5000,Yes,"Temple, Ritual, UNESCO",Kandy,Low,Yes,Yes,High,Avoid Peak Holidays,Light Rain,Moderate,Pilgrims & Culture Seekers
Royal Palace Complex,"Kandy, Central Province",High,Historical,Well-maintained,None,1000,Yes,"Palace, Fortress, UNESCO",Kandy,Moderate,Yes,Yes,Medium,Anytime,Light Rain,Good,History & Heritage Enthusiasts
Hatara Devales,"Kandy, Central Province",High,Religious,Well-maintained,Esala,2000,Yes,"Shrine, Ritual, Devalaya",Kandy,Moderate,Yes,Yes,Low,Weekdays only,Sunny,Good,Pilgrims & Culture Seekers
Malwatta & Asgiriya Monasteries,"Kandy, Central Province",High,Religious,Well-maintained,"Esala, Vesak",1500,No,"Monastery, Buddhist",Kandy,Low,No,No,Low,Avoid Peak Holidays,Sunny,Good,Pilgrims & Culture Seekers
Kandy Lake & Udawattakele Forest Sanctuary,"Kandy, Central Province",High,Natural,Well-maintained,None,3000,Yes,"Natural, Scenic, UNESCO",Kandy,Moderate,Yes,Yes,High,"Jan–Mar, 6–8 AM",Sunny,Moderate,History & Heritage Enthusiasts
Gadaladeniya Vihara,"Pilimathalawa, Kandy",High,Religious,Well-maintained,Poson,800,No,"Temple, Ancient, Architecture",Kandy,Moderate,No,No,Medium,"Jan–Mar, 6–8 AM",Light Rain,Moderate,Pilgrims & Culture Seekers
Lankatilaka Vihara,"Pilimathalawa, Kandy",High,Religious,Well-maintained,Vesak,800,No,"Temple, Medieval",Kandy,Low,Yes,Yes,Medium,Avoid Peak Holidays,Cloudy,Good,Pilgrims & Culture Seekers
"Royal Botanical Gardens, Peradeniya","Peradeniya, Kandy",Medium,Natural,Well-maintained,None,3000,No,"Garden, Botanical, Colonial",Kandy,Low,Yes,Yes,High,Anytime,Sunny,Moderate,History & Heritage Enthusiasts
Bahirawakanda Vihara Buddha Statue,"Kandy, Central Province",Medium,Religious,Well-maintained,Vesak,1200,No,"Statue, Temple",Kandy,High,No,Yes,Low,Anytime,Clear,Good,Pilgrims & Culture Seekers
Prime Minister’s Lodge,Nuwara Eliya,High,Historical,Well-maintained,None,Not Specified,Not Specified,No,Nuwara Eliya,Low,No,No,Medium,Anytime,Clear,Good,History & Heritage Enthusiasts
Queen’s Cottage,Nuwara Eliya,High,Historical,Well-maintained,None,Not Specified,Not Specified,No,Nuwara Eliya,Moderate,Yes,Yes,Low,Avoid Peak Holidays,Clear,Good,History & Heritage Enthusiasts
Princess Bungalows,Nuwara Eliya,Medium,Historical,Well-maintained,None,Not Specified,Not Specified,No,Nuwara Eliya,Low,No,No,Medium,"Jan–Mar, 6–8 AM",Light Rain,Moderate,History & Heritage Enthusiasts
Selwood Cottage,Nuwara Eliya,Medium,Historical,Well-maintained,None,Not Specified,Not Specified,No,Nuwara Eliya,High,No,Yes,Medium,Avoid Peak Holidays,Clear,Good,History & Heritage Enthusiasts
Sisters of the Holy Cross Menzingen Convent,Nuwara Eliya,Medium,Religious,Well-maintained,None,Not Specified,Not Specified,No,Nuwara Eliya,Low,Yes,Yes,Low,Weekdays only,Light Rain,Good,Pilgrims & Culture Seekers
Nuwara Eliya Post Office,Nuwara Eliya,High,Historical,Well-maintained,None,Not Specified,Not Specified,No,Nuwara Eliya,High,No,Yes,Low,Anytime,Clear,Good,History & Heritage Enthusiasts
Holy Trinity Church,Nuwara Eliya,High,Religious,Well-maintained,"Christmas, Easter",Not Specified,Not Specified,No,Nuwara Eliya,Low,No,Yes,High,Weekdays only,Cloudy,Moderate,Pilgrims & Culture Seekers
Union Church,Nuwara Eliya,Medium,Religious,Well-maintained,"Christmas, Easter",Not Specified,Not Specified,No,Nuwara Eliya,Moderate,Yes,Yes,High,"May–July, Weekdays",Light Rain,Poor,Pilgrims & Culture Seekers
Christ Church Warleigh,Nuwara Eliya,Medium,Religious,Well-maintained,"Christmas, Easter",Not Specified,Not Specified,No,Nuwara Eliya,High,No,Yes,High,Avoid Peak Holidays,Clear,Poor,Pilgrims & Culture Seekers
Grand Hotel,Nuwara Eliya,High,Historical,Well-maintained,None,Not Specified,Not Specified,No,Nuwara Eliya,High,No,Yes,Medium,Avoid Peak Holidays,Sunny,Moderate,History & Heritage Enthusiasts
Pusulpitiya Raja Maha Vihara,Nuwara Eliya,High,Religious,Well-maintained,Esala,Not Specified,Not Specified,No,Nuwara Eliya,High,No,Yes,High,"Jan–Mar, 6–8 AM",Light Rain,Moderate,Pilgrims & Culture Seekers
Pothgul Maliga Vihara,Nuwara Eliya,Medium,Religious,At-risk,Esala,Not Specified,Not Specified,No,Nuwara Eliya,Low,Yes,Yes,Low,Weekdays only,Sunny,Moderate,Pilgrims & Culture Seekers
Pothgul Palace,Nuwara Eliya,High,Historical,At-risk,None,Not Specified,Not Specified,No,Nuwara Eliya,High,No,Yes,High,Anytime,Sunny,Poor,History & Heritage Enthusiasts
Rikillagaskada Ambalama,Nuwara Eliya,Medium,Historical,Well-maintained,None,Not Specified,Not Specified,No,Nuwara Eliya,High,No,Yes,High,Weekdays only,Sunny,Poor,History & Heritage Enthusiasts
Ranamune Pihilla,Nuwara Eliya,Medium,Historical,Well-maintained,None,Not Specified,Not Specified,No,Nuwara Eliya,Low,Yes,Yes,Medium,"Jan–Mar, 6–8 AM",Sunny,Good,History & Heritage Enthusiasts
Seetha Amman Temple,Nuwara Eliya,High,Religious,Well-maintained,Rama Navami,Not Specified,Not Specified,No,Nuwara Eliya,High,Yes,Yes,High,"May–July, Weekdays",Clear,Poor,Pilgrims & Culture Seekers
Shri Bhakta Hanuman Temple,Nuwara Eliya,High,Religious,Well-maintained,Hanuman Jayanti,Not Specified,Not Specified,No,Nuwara Eliya,Moderate,No,No,Medium,Weekdays only,Clear,Good,Pilgrims & Culture Seekers
Sita Temple,Nuwara Eliya,High,Religious,Well-maintained,Rama Navami,Not Specified,Not Specified,No,Nuwara Eliya,Moderate,Yes,Yes,Low,"Jan–Mar, 6–8 AM",Light Rain,Good,Pilgrims & Culture Seekers
Victoria Park,Nuwara Eliya,Medium,Historical,Well-maintained,None,Not Specified,Not Specified,No,Nuwara Eliya,Moderate,No,No,Medium,"May–July, Weekdays",Light Rain,Good,History & Heritage Enthusiasts
Lake Gregory,Nuwara Eliya,High,Historical,Well-maintained,None,Not Specified,Not Specified,No,Nuwara Eliya,High,No,Yes,Medium,Avoid Peak Holidays,Light Rain,Moderate,History & Heritage Enthusiasts
Nuwara Eliya Golf Club,Nuwara Eliya,High,Historical,Well-maintained,None,Not Specified,Not Specified,No,Nuwara Eliya,Moderate,No,Yes,High,"Jan–Mar, 6–8 AM",Clear,Moderate,History & Heritage Enthusiasts
Maha Saman Devalaya,Ratnapura,High,Religious,Well-maintained,"Esala, Annual Perahera",Not Specified,No,"Devalaya, Ritual",Ratnapura,Moderate,Yes,Yes,High,Avoid Peak Holidays,Light Rain,Poor,Pilgrims & Culture Seekers
Abhayathilakarathnaramaya (Kuruwita Purana Vihara),"Kuruwita, Ratnapura",Medium,Religious,Well-maintained,None,Not Specified,No,Temple,Ratnapura,High,No,Yes,High,"May–July, Weekdays",Sunny,Moderate,Pilgrims & Culture Seekers
Aramanapola Raja Maha Vihara,"Ganegama, Ratnapura",Medium,Religious,At-risk,None,Not Specified,No,"Temple, Ruins",Ratnapura,High,Yes,Yes,High,"May–July, Weekdays",Clear,Poor,Pilgrims & Culture Seekers
Delgamuwa Raja Maha Vihara,Ratnapura,High,Religious,Well-maintained,None,Not Specified,No,"Temple, Relic",Ratnapura,High,Yes,Yes,High,Anytime,Light Rain,Poor,Pilgrims & Culture Seekers
Batatotalena Cave,"Kuruwita, Ratnapura",Medium,Historical,At-risk,None,Not Specified,No,"Cave, Archaeology",Ratnapura,Low,Yes,Yes,Medium,"May–July, Weekdays",Sunny,Good,History & Heritage Enthusiasts
Beligallena Cave,Ratnapura,Medium,Historical,At-risk,None,Not Specified,No,"Cave, Prehistoric",Ratnapura,Moderate,No,No,Medium,Weekdays only,Light Rain,Good,History & Heritage Enthusiasts
"Bisokotuwa lake, Galpaya",Ratnapura,Medium,Historical,Under renovation,None,Not Specified,No,"Irrigation, Ruins",Ratnapura,Low,No,No,Medium,Weekdays only,Cloudy,Good,History & Heritage Enthusiasts
Ratnapura Dutch Fort,Ratnapura,High,Historical,At-risk,None,Not Specified,No,"Fort, Colonial",Ratnapura,Low,No,No,Low,Avoid Peak Holidays,Light Rain,Good,History & Heritage Enthusiasts
Site of Ratnapura Portuguese Fort,Ratnapura,Medium,Historical,Ruins,None,Not Specified,No,"Fort, Colonial",Ratnapura,High,No,Yes,High,Avoid Peak Holidays,Cloudy,Poor,History & Heritage Enthusiasts
Sri Sankapala Raja Maha Viharaya,Ratnapura,High,Religious,Well-maintained,None,Not Specified,No,"Temple, Rock",Ratnapura,Moderate,Yes,Yes,Low,Avoid Peak Holidays,Light Rain,Moderate,Pilgrims & Culture Seekers
National Museum Ratnapura,Ratnapura,High,Historical,Well-maintained,None,Not Specified,No,Museum,Ratnapura,High,No,Yes,Low,Weekdays only,Light Rain,Good,History & Heritage Enthusiasts
Karandulen Vihara,"Nilmalgoda, Kegalle",Medium,Religious,Well-maintained,Esala,Not Specified,No,Temple,Kegalle,High,Yes,Yes,Medium,Weekdays only,Clear,Good,Pilgrims & Culture Seekers
Kariyagama Raja Maha Vihara,"Aranayaka, Kegalle",Medium,Religious,Well-maintained,Esala,Not Specified,No,Temple,Kegalle,Low,Yes,Yes,Medium,Avoid Peak Holidays,Clear,Good,Pilgrims & Culture Seekers
Kawudugama Vihara,Kegalle,Medium,Religious,At-risk,None,Not Specified,No,Temple,Kegalle,Moderate,Yes,Yes,High,"Jan–Mar, 6–8 AM",Cloudy,Moderate,Pilgrims & Culture Seekers
Keerahena Gallen Vihara,"Deraniyagala, Kegalle",Medium,Religious,Under renovation,None,Not Specified,No,"Cave, Temple",Kegalle,Low,No,Yes,Medium,"Jan–Mar, 6–8 AM",Clear,Good,Pilgrims & Culture Seekers
Keerahena Purana Vihara,"Warakapola, Kegalle",Medium,Religious,At-risk,None,Not Specified,No,"Cave, Temple",Kegalle,Moderate,No,Yes,Medium,Weekdays only,Sunny,Moderate,Pilgrims & Culture Seekers
Keerthi Sri Rajasingha Raja Maha Vihara,"Rambukkana & Galigamuwa, Kegalle",High,Religious,Well-maintained,Esala,Not Specified,No,Temple,Kegalle,Low,No,No,Low,Weekdays only,Sunny,Moderate,Pilgrims & Culture Seekers
Kehelwathugoda Galliyadda ruins,Kegalle,Low,Historical,At-risk,None,Not Specified,No,Ruins,Kegalle,Low,No,Yes,High,"May–July, Weekdays",Cloudy,Moderate,History & Heritage Enthusiasts
Keraminiya Raja Maha Vihara,"Mawanella, Kegalle",Medium,Religious,Well-maintained,None,Not Specified,No,Temple,Kegalle,Low,No,No,Low,Weekdays only,Sunny,Good,Pilgrims & Culture Seekers
Kondagale Vihara,Kegalle,Medium,Religious,At-risk,None,Not Specified,No,Temple,Kegalle,Low,Yes,Yes,Medium,Anytime,Sunny,Moderate,Pilgrims & Culture Seekers
Kuragala Gallen Raja Maha Vihara,"Aranayaka, Kegalle",High,Religious,Well-maintained,None,Not Specified,No,"Cave, Temple",Kegalle,Low,No,No,Medium,"May–July, Weekdays",Light Rain,Good,Pilgrims & Culture Seekers
Legam Kotasa ruins,Kegalle,Low,Historical,At-risk,None,Not Specified,No,"Cave, Ruins",Kegalle,Moderate,Yes,Yes,Low,Avoid Peak Holidays,Clear,Good,History & Heritage Enthusiasts
Ruwanwella Fort,"Ruwanwella, Kegalle",High,Historical,Well-maintained,None,Not Specified,No,Fortress,Kegalle,Low,Yes,Yes,Low,Avoid Peak Holidays,Sunny,Good,History & Heritage Enthusiasts
Dorawaka Rock Caves & Uragala Caves,"Warakapola, Kegalle",High,Natural,At-risk,None,Not Specified,No,Cave,Kegalle,Moderate,Yes,Yes,Medium,"Jan–Mar, 6–8 AM",Sunny,Good,History & Heritage Enthusiasts
Alu Lena Caves,"Attanagoda, Kegalle",High,Natural,Under renovation,None,Not Specified,No,Cave,Kegalle,Low,No,No,Low,"Jan–Mar, 6–8 AM",Clear,Good,History & Heritage Enthusiasts
Ambulugala Sri Danthapaya Rajamaha Viharaya,Kegalle,Medium,Religious,Well-maintained,None,Not Specified,No,Temple,Kegalle,High,Yes,Yes,Medium,"Jan–Mar, 6–8 AM",Sunny,Good,Pilgrims & Culture Seekers
Muthiyangana Raja Maha Vihara,Badulla,High,Religious,Well-maintained,Esala,Not Specified,No,"Temple, Image House",Badulla,High,No,Yes,High,"Jan–Mar, 6–8 AM",Sunny,Poor,Pilgrims & Culture Seekers
Mahiyangana Raja Maha Vihara,Badulla,High,Religious,Well-maintained,Esala,Not Specified,No,"Solosmasthana, Temple",Badulla,High,Yes,Yes,Low,Weekdays only,Clear,Good,Pilgrims & Culture Seekers
Dhowa Rock Temple (Kumbatissa Ariyagala Vehera),"Bandarawela, Badulla",High,Religious,At-risk,None,Not Specified,No,"Cave Temple, Buddha Statue",Badulla,High,No,Yes,Low,Avoid Peak Holidays,Light Rain,Good,Pilgrims & Culture Seekers
Bogoda Wooden Bridge & Bogoda Raja Maha Vihara,Badulla,High,Historical,Well-maintained,None,Not Specified,No,"Wooden Bridge, Temple, Murals",Badulla,High,No,Yes,Medium,Avoid Peak Holidays,Sunny,Good,Pilgrims & Culture Seekers
"St. Mark’s Church, Badulla",Badulla,Medium,Religious,Well-maintained,None,Not Specified,No,"Church, Colonial",Badulla,Low,Yes,Yes,Low,Weekdays only,Clear,Good,Pilgrims & Culture Seekers
Dematamal Viharaya,"Okkampitiya, Monaragala",High,Religious,Well-maintained,Esala,Not Specified,No,"Temple, Ruins, Ritual",Badulla,High,No,Yes,Low,Weekdays only,Sunny,Good,Pilgrims & Culture Seekers
Buddama Raja Maha Vihara,"Buddama, Monaragala",High,Religious,Well-maintained,Esala,Not Specified,No,"Temple, Cave, Murals",Badulla,High,Yes,Yes,Low,Avoid Peak Holidays,Sunny,Good,Pilgrims & Culture Seekers
Kanabiso Pokuna Raja Maha Vihara,"Handapanagala, Monaragala",Medium,Religious,At-risk,None,Not Specified,No,"Temple, Ruins",Badulla,High,No,Yes,High,Weekdays only,Light Rain,Poor,Pilgrims & Culture Seekers
Keheliya Raja Maha Vihara,"Handapanagala, Monaragala",Medium,Religious,At-risk,None,Not Specified,No,"Temple, Archaeological Site",Badulla,Low,Yes,Yes,Medium,"May–July, Weekdays",Cloudy,Good,Pilgrims & Culture Seekers
Maligawila,Monaragala,High,Religious,Well-maintained,None,Not Specified,No,"Ruins, Image House",Monaragala,Low,Yes,Yes,High,Weekdays only,Cloudy,Poor,Pilgrims & Culture Seekers
Buduruwagala,Monaragala,High,Religious,Well-maintained,None,Not Specified,No,"Rock Carvings, Temple",Monaragala,High,No,Yes,High,Avoid Peak Holidays,Clear,Moderate,Pilgrims & Culture Seekers
Yudaganawa Vihara,Monaragala,High,Religious,Well-maintained,Esala,Not Specified,No,"Stupa, Ritual",Monaragala,High,No,Yes,Medium,Weekdays only,Cloudy,Good,Pilgrims & Culture Seekers
Kataragama Kiri Vehera,Monaragala,High,Religious,Well-maintained,Esala,Not Specified,No,"Temple, Stupa",Monaragala,Low,No,No,Medium,Avoid Peak Holidays,Clear,Good,Pilgrims & Culture Seekers
Galabedda Archaeological Site,Monaragala,Medium,Archaeological,At-risk,None,Not Specified,No,"Prehistoric, Ruins",Monaragala,Moderate,No,No,Medium,"Jan–Mar, 6–8 AM",Cloudy,Moderate,History & Heritage Enthusiasts
Mayuragiriya Purana Vihara,Monaragala,Medium,Religious,Under renovation,None,Not Specified,No,"Temple, Cave, Inscriptions",Monaragala,Low,No,No,Medium,"Jan–Mar, 6–8 AM",Light Rain,Moderate,Pilgrims & Culture Seekers
Aloka Raja Maha Vihara,Ampara,Medium,Religious,At-risk,"Esala, Vesak",200,No,"Temple, Ruins",Ampara,Low,No,No,Low,"Jan–Mar, 6–8 AM",Clear,Good,Pilgrims & Culture Seekers
Udayagiri Raja Maha Vihara,Ampara,Medium,Religious,Well-maintained,Poson,150,No,"Temple, Stupa",Ampara,Low,No,No,Medium,"May–July, Weekdays",Cloudy,Good,Pilgrims & Culture Seekers
Kukul Kotuwa / Kukuluwa Raja Maha Vihara,Ampara,Medium,Religious,Under renovation,Esala,100,No,"Temple, Ruins",Ampara,Moderate,No,No,Medium,Avoid Peak Holidays,Light Rain,Good,Pilgrims & Culture Seekers
Lahugala Kiri Vehera,Ampara,High,Religious,Well-maintained,"Vesak, Esala",300,No,"Stupa, Temple",Ampara,High,No,Yes,High,Avoid Peak Holidays,Cloudy,Moderate,Pilgrims & Culture Seekers
Rajagala Monastery & Archaeological Reserve,Ampara,High,Religious,At-risk,Poson,500,No,"Monastery, Inscriptions, Ruins",Ampara,Moderate,No,Yes,High,Anytime,Sunny,Moderate,Pilgrims & Culture Seekers
Deegavapi Raja Maha Viharaya,Ampara,High,Religious,Well-maintained,"Poson, Esala",400,No,"Temple, Solosmasthana, Stupa",Ampara,High,No,Yes,Low,"May–July, Weekdays",Sunny,Good,Pilgrims & Culture Seekers
Muhudu Maha Viharaya,Ampara,High,Religious,At-risk,Poya Days,250,No,"Coastal Temple, Ruins",Ampara,Moderate,No,No,Medium,Avoid Peak Holidays,Light Rain,Good,Pilgrims & Culture Seekers
Buddhangala Monastery,Ampara,Medium,Religious,Under renovation,Poya Days,120,No,"Monastery, Rock Temple",Ampara,Low,Yes,Yes,Low,"May–July, Weekdays",Sunny,Good,Pilgrims & Culture Seekers
Peace Pagoda Temple,Ampara,Medium,Religious,Well-maintained,Esala,200,No,"Modern Stupa, Peace Symbol",Ampara,Moderate,No,Yes,High,"Jan–Mar, 6–8 AM",Sunny,Moderate,Pilgrims & Culture Seekers
Samangala Aranya Senasanaya,Ampara,Medium,Religious,At-risk,Vesak,180,No,"Cave Temple, Forest Hermitage",Ampara,Low,No,No,Medium,"May–July, Weekdays",Clear,Moderate,Pilgrims & Culture Seekers
Seruwila Mangala Raja Maha Viharaya,Trincomalee,High,Religious,Well-maintained,"Poson, Esala",500,No,"Temple, Solosmasthana, Pilgrimage Site",Trincomalee,High,Yes,Yes,High,"Jan–Mar, 6–8 AM",Cloudy,Moderate,Pilgrims & Culture Seekers
Velgam Vehera,Trincomalee,High,Religious,At-risk,Vesak,300,No,"Temple, Stupa, Archaeology",Trincomalee,Moderate,No,No,Medium,"Jan–Mar, 6–8 AM",Clear,Good,Pilgrims & Culture Seekers
Lankapatuna Samudragiri Viharaya,Trincomalee,High,Religious,Under renovation,Esala,250,No,"Temple, Tooth Relic Route, Coastal Ruins",Trincomalee,Moderate,No,Yes,High,"May–July, Weekdays",Cloudy,Moderate,Pilgrims & Culture Seekers
Girihandu Seya (Girihanduseya),"Thiriyai, Trincomalee",High,Religious,Well-maintained,Poson,400,No,"Stupa, Early Buddhism, Pilgrimage Site",Trincomalee,Low,Yes,Yes,Medium,Weekdays only,Sunny,Good,Pilgrims & Culture Seekers
Fort Frederick (Trincomalee Fort),Trincomalee,High,Historical,Well-maintained,None,350,No,"Fortress, Dutch, Portuguese, Colonial",Trincomalee,Moderate,No,Yes,High,Avoid Peak Holidays,Clear,Moderate,History & Heritage Enthusiasts
Koneswaram Temple (Thirukoneswaram Kovil),Trincomalee,High,Religious,Well-maintained,April Festival,800,No,"Temple, Hindu, Shiva, Cliffside",Trincomalee,Moderate,No,Yes,High,Weekdays only,Cloudy,Moderate,Pilgrims & Culture Seekers
Jaya Sri Maha Bodhi,Anuradhapura,High,Religious,Well-maintained,Esala,Not Specified,No,"Temple, Sacred Tree, Pilgrimage",Anuradhapura,Moderate,Yes,Yes,High,Avoid Peak Holidays,Cloudy,Poor,Pilgrims & Culture Seekers
Ruwanwelisaya Stupa,Anuradhapura,High,Religious,Well-maintained,Esala,Not Specified,No,"Temple, Stupa, Pilgrimage",Anuradhapura,Moderate,Yes,Yes,Medium,Avoid Peak Holidays,Clear,Moderate,Pilgrims & Culture Seekers
Jetavanaramaya Stupa,Anuradhapura,High,Religious,Well-maintained,Esala,Not Specified,No,"Temple, Stupa, Ruins",Anuradhapura,High,Yes,Yes,Medium,Avoid Peak Holidays,Light Rain,Good,Pilgrims & Culture Seekers
Thuparamaya,Anuradhapura,High,Religious,Well-maintained,Esala,Not Specified,No,"Temple, Stupa",Anuradhapura,Low,Yes,Yes,Medium,"May–July, Weekdays",Cloudy,Good,Pilgrims & Culture Seekers
Abhayagiri Monastery Complex,Anuradhapura,High,Religious,At-risk,Esala,Not Specified,No,"Monastery, Ruins",Anuradhapura,Low,Yes,Yes,Medium,"Jan–Mar, 6–8 AM",Sunny,Good,Pilgrims & Culture Seekers
Isurumuniya Rock Temple,Anuradhapura,High,Religious,Well-maintained,Esala,Not Specified,No,"Temple, Rock Carvings",Anuradhapura,Moderate,Yes,Yes,Medium,Anytime,Cloudy,Moderate,Pilgrims & Culture Seekers
Kuttam Pokuna (Twin Ponds),Anuradhapura,High,Historical,Well-maintained,None,Not Specified,No,Bathing Tanks,Anuradhapura,High,No,Yes,High,Anytime,Sunny,Moderate,History & Heritage Enthusiasts
Lovamahapaya (Brazen Palace),Anuradhapura,Medium,Historical,Ruins,None,Not Specified,No,"Palace, Ruins",Anuradhapura,Moderate,No,No,Medium,Anytime,Clear,Good,History & Heritage Enthusiasts
Samadhi Buddha Statue,Anuradhapura,High,Religious,Well-maintained,None,Not Specified,No,"Statue, Sculpture",Anuradhapura,High,No,Yes,High,Weekdays only,Cloudy,Poor,Pilgrims & Culture Seekers
Annasigala Raja Maha Vihara,Anuradhapura,Medium,Religious,At-risk,None,Not Specified,No,"Temple, Ruins",Anuradhapura,Low,No,Yes,Medium,"Jan–Mar, 6–8 AM",Sunny,Good,Pilgrims & Culture Seekers
Dematamal Purana Vihara,"Nochchiyagama, Anuradhapura",Medium,Religious,At-risk,None,Not Specified,No,"Temple, Drip-ledged Caves",Anuradhapura,High,No,Yes,High,Weekdays only,Sunny,Moderate,Pilgrims & Culture Seekers
Galnewa Raja Maha Vihara,"Galnewa, Anuradhapura",Medium,Religious,At-risk,None,Not Specified,No,"Temple, Cave",Anuradhapura,Moderate,No,No,Medium,Weekdays only,Clear,Good,Pilgrims & Culture Seekers
Jayasundararama Vihara,"Pahala Talawa, Anuradhapura",Medium,Religious,At-risk,None,Not Specified,No,"Temple, Pillars",Anuradhapura,Low,No,Yes,High,Anytime,Cloudy,Poor,Pilgrims & Culture Seekers
Kada Hatha Vihara,"Rambewa, Anuradhapura",Medium,Religious,At-risk,None,Not Specified,No,"Temple, Tampita",Anuradhapura,High,No,Yes,Medium,"May–July, Weekdays",Cloudy,Good,Pilgrims & Culture Seekers
Kuda Dambulu Raja Maha Vihara,"Horowpothana, Anuradhapura",Medium,Religious,At-risk,None,Not Specified,No,"Temple, Caves",Anuradhapura,Moderate,No,No,Low,"May–July, Weekdays",Clear,Moderate,Pilgrims & Culture Seekers
Sri Bhatikatissa Raja Maha Vihara,"Medawachchiya, Anuradhapura",Medium,Religious,At-risk,None,Not Specified,No,"Temple, Inscriptions",Anuradhapura,Moderate,No,No,Low,"May–July, Weekdays",Cloudy,Good,Pilgrims & Culture Seekers
Sri Dalada Vihara,"Mahakumbukgollewa, Anuradhapura",Medium,Religious,At-risk,None,Not Specified,No,"Temple, Tempita",Anuradhapura,Moderate,No,No,Medium,Weekdays only,Clear,Good,Pilgrims & Culture Seekers
Thanthirimale,Anuradhapura,High,Religious,Well-maintained,None,Not Specified,No,"Temple, Stupa",Anuradhapura,Moderate,Yes,Yes,Low,Avoid Peak Holidays,Cloudy,Moderate,Pilgrims & Culture Seekers
Maya Ulpatha Ruins,Anuradhapura,Medium,Historical,At-risk,None,Not Specified,No,"Statue, Inscriptions",Anuradhapura,Low,No,No,Low,Anytime,Light Rain,Moderate,History & Heritage Enthusiasts
Weheragala Ruins / Weheragodella Purana Vihara,"Padaviya, Thalawa, Anuradhapura",Medium,Religious,At-risk,None,Not Specified,No,"Dagoba, Pond",Anuradhapura,Low,Yes,Yes,Medium,"Jan–Mar, 6–8 AM",Cloudy,Moderate,Pilgrims & Culture Seekers
Thonigala Rock Inscription,"Ipalogama, Anuradhapura",Medium,Historical,Well-maintained,None,Not Specified,No,Rock Inscriptions,Anuradhapura,Moderate,Yes,Yes,High,"Jan–Mar, 6–8 AM",Sunny,Moderate,History & Heritage Enthusiasts
"Stone Bridge, Malwathu Oya",Anuradhapura,Medium,Historical,Well-maintained,None,Not Specified,No,"Bridge, Engineering",Anuradhapura,Low,Yes,Yes,Medium,Anytime,Sunny,Good,History & Heritage Enthusiasts
Anuradhapura Archaeological Museum,Anuradhapura,High,Historical,Well-maintained,None,Not Specified,No,Museum,Anuradhapura,Low,Yes,Yes,Low,"May–July, Weekdays",Light Rain,Moderate,History & Heritage Enthusiasts
Folk Museum,Anuradhapura,Medium,Historical,Well-maintained,None,Not Specified,No,"Museum, Culture",Anuradhapura,Low,Yes,Yes,Medium,Anytime,Cloudy,Good,History & Heritage Enthusiasts
Ancient City of Polonnaruwa,Polonnaruwa District,High,Historical,Well-maintained,None,Not Specified,Yes,"City, Palace, Monastery, Temple, Stupa",Polonnaruwa,Moderate,Yes,Yes,High,Anytime,Sunny,Moderate,Pilgrims & Culture Seekers
Gal Vihara,Polonnaruwa District,High,Religious,Well-maintained,None,Not Specified,Yes,"Temple, Sculpture, Buddha",Polonnaruwa,Low,No,No,Medium,"May–July, Weekdays",Sunny,Moderate,Pilgrims & Culture Seekers
Vatadage (Circular Relic House),Polonnaruwa District,High,Religious,Well-maintained,None,Not Specified,Yes,"Relic House, Temple, Stonework",Polonnaruwa,Moderate,Yes,Yes,High,Weekdays only,Cloudy,Moderate,Pilgrims & Culture Seekers
Kiri Vehera,Polonnaruwa District,High,Religious,Well-maintained,None,Not Specified,Yes,"Stupa, Temple",Polonnaruwa,Low,Yes,Yes,Low,"Jan–Mar, 6–8 AM",Clear,Good,Pilgrims & Culture Seekers
Pabalu Vehera,Polonnaruwa District,Medium,Religious,Well-maintained,None,Not Specified,Yes,Stupa,Polonnaruwa,Low,No,No,Medium,Weekdays only,Cloudy,Moderate,Pilgrims & Culture Seekers
Potgul Vehera,Polonnaruwa District,Medium,Religious,At-risk,None,Not Specified,Yes,"Library, Temple, Relic",Polonnaruwa,Low,Yes,Yes,High,Avoid Peak Holidays,Clear,Poor,Pilgrims & Culture Seekers
Royal Palace Group (Parakramabahu’s Palace),Polonnaruwa District,High,Historical,Under renovation,None,Not Specified,Yes,"Palace, Ruins",Polonnaruwa,Low,Yes,Yes,Low,Avoid Peak Holidays,Light Rain,Moderate,History & Heritage Enthusiasts
Nissanka Latha Mandapaya,Polonnaruwa District,Medium,Historical,Well-maintained,None,Not Specified,Yes,"Pavilion, Pillars",Polonnaruwa,High,Yes,Yes,Medium,"May–July, Weekdays",Light Rain,Good,History & Heritage Enthusiasts
Alahana Pirivena,Polonnaruwa District,High,Religious,Well-maintained,None,Not Specified,Yes,"Monastery, University, Temple",Polonnaruwa,Moderate,Yes,Yes,High,Anytime,Sunny,Moderate,Pilgrims & Culture Seekers
Menik Vihara Monastery,Polonnaruwa District,Medium,Religious,Well-maintained,None,Not Specified,Yes,"Monastery, Stupa",Polonnaruwa,Moderate,Yes,Yes,High,Anytime,Sunny,Poor,Pilgrims & Culture Seekers
Ancient Hospital Ruins,Polonnaruwa District,Medium,Historical,At-risk,None,Not Specified,Yes,"Hospital, Ruins",Polonnaruwa,Moderate,Yes,Yes,Low,Avoid Peak Holidays,Sunny,Good,History & Heritage Enthusiasts
Royal Audience Hall,Polonnaruwa District,Medium,Historical,Well-maintained,None,Not Specified,Yes,"Palace, Assembly",Polonnaruwa,Low,No,Yes,High,"May–July, Weekdays",Clear,Poor,History & Heritage Enthusiasts
Polonnaruwa Archaeological Museum,Polonnaruwa District,Medium,Historical,Well-maintained,None,Not Specified,No,"Museum, Artefacts",Polonnaruwa,Low,Yes,Yes,High,Weekdays only,Sunny,Poor,History & Heritage Enthusiasts
Sacred Quadrangle,Polonnaruwa District,High,Religious,Well-maintained,None,Not Specified,Yes,"Stupa, Relic House, Temple",Polonnaruwa,High,Yes,Yes,High,"May–July, Weekdays",Cloudy,Moderate,Pilgrims & Culture Seekers
Mannar Fort,Mannar District,High,Historical,Well-maintained,None,Not Specified,No,Fort,Mannar,High,No,Yes,Low,Weekdays only,Clear,Good,History & Heritage Enthusiasts
Doric Bungalow (Silavathurai),Mannar District,Medium,Historical,At-risk,None,Not Specified,No,Colonial,Mannar,High,No,Yes,High,Weekdays only,Light Rain,Poor,History & Heritage Enthusiasts
Mannar Island Old Lighthouse (Urumalai Lighthouse),Mannar District,Medium,Historical,Under renovation,None,Not Specified,No,Lighthouse,Mannar,Moderate,Yes,Yes,Medium,Anytime,Clear,Moderate,History & Heritage Enthusiasts
Talaimannar Pier Ruins,Mannar District,High,Historical,At-risk,None,Not Specified,No,"Pier, Ruins",Mannar,High,No,Yes,Low,"Jan–Mar, 6–8 AM",Sunny,Good,History & Heritage Enthusiasts
Ketheeswaram Temple Image Site,Mannar District,High,Religious,Well-maintained,Annual Hindu Festivals,Not Specified,No,"Hindu, Temple",Mannar,High,No,Yes,High,Weekdays only,Cloudy,Moderate,Pilgrims & Culture Seekers
Irranai Iluppaikulam Sivan Temple,Mannar District,Medium,Religious,Well-maintained,Hindu festivals,Not Specified,No,"Hindu, Temple",Mannar,Low,Yes,Yes,High,Weekdays only,Cloudy,Poor,Pilgrims & Culture Seekers
Mundanputti Doss House,Mannar District,Low,Historical,Under renovation,None,Not Specified,No,Doss House,Mannar,Low,Yes,Yes,High,Weekdays only,Sunny,Moderate,History & Heritage Enthusiasts
"Pillaair Koviltharammadam Doss House, Vidattaltivu",Mannar District,Low,Historical,Under renovation,None,Not Specified,No,Doss House,Mannar,High,Yes,Yes,Low,"May–July, Weekdays",Cloudy,Moderate,History & Heritage Enthusiasts
Murunkan Raja Maha Vihara Ruins & Murunkan Hospital Ruins,Mannar District,Medium,Religious / Historical,At-risk,None,Not Specified,No,"Temple, Ruins",Mannar,Moderate,No,No,Medium,"Jan–Mar, 6–8 AM",Clear,Moderate,Pilgrims & Culture Seekers
Periyapandivirichchan & Sinnapandivirichchan Ruins,Mannar District,Low,Historical,At-risk,None,Not Specified,No,Ruins,Mannar,Low,No,No,Medium,Avoid Peak Holidays,Clear,Moderate,History & Heritage Enthusiasts
Sinnakulam Ruins,Mannar District,Low,Historical,At-risk,None,Not Specified,No,Ruins,Mannar,High,No,Yes,Medium,"Jan–Mar, 6–8 AM",Sunny,Good,History & Heritage Enthusiasts
Mannar Baobab Tree,Mannar District,Medium,Natural / Historical,Well-maintained,None,Not Specified,No,"Tree, Natural, Arab Influence",Mannar,Low,Yes,Yes,High,"May–July, Weekdays",Cloudy,Poor,History & Heritage Enthusiasts
